Pricing Date,NYSE:F - Share Pricing 
Feb-21-2012,12.53
Feb-22-2012,12.28
Feb-23-2012,12.4
Feb-24-2012,12.23
Feb-27-2012,12.3
Feb-28-2012,12.25
Feb-29-2012,12.38
Mar-01-2012,12.66
Mar-02-2012,12.72
Mar-05-2012,12.46
Mar-06-2012,12.09
Mar-07-2012,12.24
Mar-08-2012,12.46
Mar-09-2012,12.58
Mar-12-2012,12.43
Mar-13-2012,12.7
Mar-14-2012,12.88
Mar-15-2012,12.9
Mar-16-2012,12.51
Mar-19-2012,12.63
Mar-20-2012,12.54
Mar-21-2012,12.57
Mar-22-2012,12.32
Mar-23-2012,12.32
Mar-26-2012,12.48
Mar-27-2012,12.32
Mar-28-2012,12.32
Mar-29-2012,12.5
Mar-30-2012,12.475
Apr-02-2012,12.62
Apr-03-2012,12.64
Apr-04-2012,12.505
Apr-05-2012,12.47
Apr-09-2012,12.22
Apr-10-2012,11.79
Apr-11-2012,11.91
Apr-12-2012,12.07
Apr-13-2012,11.92
Apr-16-2012,11.88
Apr-17-2012,11.91
Apr-18-2012,11.79
Apr-19-2012,11.66
Apr-20-2012,11.41
Apr-23-2012,11.35
Apr-24-2012,11.39
Apr-25-2012,11.73
Apr-26-2012,11.87
Apr-27-2012,11.6
Apr-30-2012,11.28
May-01-2012,11.23
May-02-2012,11.1
May-03-2012,10.92
May-04-2012,10.67
May-07-2012,10.66
May-08-2012,10.61
May-09-2012,10.69
May-10-2012,10.71
May-11-2012,10.58
May-14-2012,10.32
May-15-2012,10.15
May-16-2012,10.16
May-17-2012,10.01
May-18-2012,10.01
May-21-2012,10.2
May-22-2012,10.19
May-23-2012,10.41
May-24-2012,10.59
May-25-2012,10.6
May-29-2012,10.84
May-30-2012,10.66
May-31-2012,10.56
Jun-01-2012,10.12
Jun-04-2012,10.04
Jun-05-2012,10.19
Jun-06-2012,10.57
Jun-07-2012,10.55
Jun-08-2012,10.66
Jun-11-2012,10.45
Jun-12-2012,10.5
Jun-13-2012,10.3
Jun-14-2012,10.41
Jun-15-2012,10.35
Jun-18-2012,10.34
Jun-19-2012,10.56
Jun-20-2012,10.65
Jun-21-2012,10.27
Jun-22-2012,10.19
Jun-25-2012,10.01
Jun-26-2012,10.01
Jun-27-2012,10.02
Jun-28-2012,10.09
Jun-29-2012,9.59
Jul-02-2012,9.39
Jul-03-2012,9.6
Jul-05-2012,9.57
Jul-06-2012,9.5
Jul-09-2012,9.45
Jul-10-2012,9.35
Jul-11-2012,9.33
Jul-12-2012,9.13
Jul-13-2012,9.27
Jul-16-2012,9.26
Jul-17-2012,9.34
Jul-18-2012,9.38
Jul-19-2012,9.35
Jul-20-2012,9.21
Jul-23-2012,9.17
Jul-24-2012,9.06
Jul-25-2012,8.97
Jul-26-2012,8.96
Jul-27-2012,9
Jul-30-2012,9.1
Jul-31-2012,9.24
Aug-01-2012,9.04
Aug-02-2012,8.92
Aug-03-2012,9.09
Aug-06-2012,9.15
Aug-07-2012,9.31
Aug-08-2012,9.35
Aug-09-2012,9.34
Aug-10-2012,9.35
Aug-13-2012,9.4
Aug-14-2012,9.44
Aug-15-2012,9.49
Aug-16-2012,9.59
Aug-17-2012,9.63
Aug-20-2012,9.63
Aug-21-2012,9.53
Aug-22-2012,9.49
Aug-23-2012,9.45
Aug-24-2012,9.49
Aug-27-2012,9.39
Aug-28-2012,9.34
Aug-29-2012,9.32
Aug-30-2012,9.31
Aug-31-2012,9.34
Sep-04-2012,9.41
Sep-05-2012,9.57
Sep-06-2012,9.915
Sep-07-2012,10.14
Sep-10-2012,10.11
Sep-11-2012,10.15
Sep-12-2012,10.21
Sep-13-2012,10.34
Sep-14-2012,10.53
Sep-17-2012,10.39
Sep-18-2012,10.42
Sep-19-2012,10.59
Sep-20-2012,10.44
Sep-21-2012,10.4
Sep-24-2012,10.32
Sep-25-2012,10.09
Sep-26-2012,10.01
Sep-27-2012,10.02
Sep-28-2012,9.86
Oct-01-2012,9.93
Oct-02-2012,9.79
Oct-03-2012,9.94
Oct-04-2012,10.11
Oct-05-2012,10.16
Oct-08-2012,10.05
Oct-09-2012,10.1
Oct-10-2012,9.98
Oct-11-2012,10.14
Oct-12-2012,10.12
Oct-15-2012,10.22
Oct-16-2012,10.3
Oct-17-2012,10.41
Oct-18-2012,10.43
Oct-19-2012,10.1799
Oct-22-2012,10.17
Oct-23-2012,10
Oct-24-2012,10.17
Oct-25-2012,10.39
Oct-26-2012,10.36
Oct-31-2012,11.16
Nov-01-2012,11.25
Nov-02-2012,11.17
Nov-05-2012,11.25
Nov-06-2012,11.42
Nov-07-2012,11.06
Nov-08-2012,10.9
Nov-09-2012,10.93
Nov-12-2012,10.97
Nov-13-2012,11
Nov-14-2012,10.67
Nov-15-2012,10.57
Nov-16-2012,10.5
Nov-19-2012,10.83
Nov-20-2012,10.85
Nov-21-2012,10.92
Nov-23-2012,11.1
Nov-26-2012,11.105
Nov-27-2012,11.1
Nov-28-2012,11.25
Nov-29-2012,11.53
Nov-30-2012,11.45
Dec-03-2012,11.41
Dec-04-2012,11.31
Dec-05-2012,11.31
Dec-06-2012,11.24
Dec-07-2012,11.48
Dec-10-2012,11.47
Dec-11-2012,11.49
Dec-12-2012,11.47
Dec-13-2012,11.27
Dec-14-2012,11.1
Dec-17-2012,11.39
Dec-18-2012,11.67
Dec-19-2012,11.73
Dec-20-2012,11.77
Dec-21-2012,11.86
Dec-24-2012,12.4
Dec-26-2012,12.79
Dec-27-2012,12.76
Dec-28-2012,12.87
Dec-31-2012,12.95
Jan-02-2013,13.2
Jan-03-2013,13.46
Jan-04-2013,13.57
Jan-07-2013,13.43
Jan-08-2013,13.35
Jan-09-2013,13.47
Jan-10-2013,13.83
Jan-11-2013,14
Jan-14-2013,13.99
Jan-15-2013,14.3
Jan-16-2013,14.22
Jan-17-2013,14.22
Jan-18-2013,14.11
Jan-22-2013,14.17
Jan-23-2013,13.88
Jan-24-2013,13.87
Jan-25-2013,13.68
Jan-28-2013,13.78
Jan-29-2013,13.14
Jan-30-2013,12.93
Jan-31-2013,12.95
Feb-01-2013,13.02
Feb-04-2013,12.88
Feb-05-2013,13.18
Feb-06-2013,13.2
Feb-07-2013,13.07
Feb-08-2013,13.1
Feb-11-2013,13.11
Feb-12-2013,13.08
Feb-13-2013,13.04
Feb-14-2013,13.11
Feb-15-2013,13.02
Feb-19-2013,12.99
Feb-20-2013,12.6
Feb-21-2013,12.39
Feb-22-2013,12.48
Feb-25-2013,12.13
Feb-26-2013,12.34
Feb-27-2013,12.76
Feb-28-2013,12.61
Mar-01-2013,12.61
Mar-04-2013,12.75
Mar-05-2013,12.87
Mar-06-2013,12.89
Mar-07-2013,12.83
Mar-08-2013,12.98
Mar-11-2013,13.34
Mar-12-2013,13.39
Mar-13-2013,13.4
Mar-14-2013,13.43
Mar-15-2013,13.45
Mar-18-2013,13.26
Mar-19-2013,13.16
Mar-20-2013,13.36
Mar-21-2013,13.26
Mar-22-2013,13.26
Mar-25-2013,13.29
Mar-26-2013,13.31
Mar-27-2013,13.22
Mar-28-2013,13.15
Apr-01-2013,12.9
Apr-02-2013,13.01
Apr-03-2013,12.68
Apr-04-2013,12.65
Apr-05-2013,12.44
Apr-08-2013,12.78
Apr-09-2013,12.8
Apr-10-2013,13.12
Apr-11-2013,13.55
Apr-12-2013,13.53
Apr-15-2013,12.95
Apr-16-2013,13.12
Apr-17-2013,12.925
Apr-18-2013,12.75
Apr-19-2013,12.93
Apr-22-2013,13.06
Apr-23-2013,13.36
Apr-24-2013,13.33
Apr-25-2013,13.47
Apr-26-2013,13.67
Apr-29-2013,13.66
Apr-30-2013,13.71
May-01-2013,13.38
May-02-2013,13.41
May-03-2013,13.83
May-06-2013,14.09
May-07-2013,14.19
May-08-2013,14.21
May-09-2013,14.2
May-10-2013,14.11
May-13-2013,14.01
May-14-2013,14.27
May-15-2013,14.67
May-16-2013,14.64
May-17-2013,15.08
May-20-2013,15.05
May-21-2013,14.95
May-22-2013,14.97
May-23-2013,14.81
May-24-2013,14.79
May-28-2013,15.28
May-29-2013,15.63
May-30-2013,15.9
May-31-2013,15.68
Jun-03-2013,15.89
Jun-04-2013,15.78
Jun-05-2013,15.25
Jun-06-2013,15.44
Jun-07-2013,15.73
Jun-10-2013,15.71
Jun-11-2013,15.51
Jun-12-2013,15.37
Jun-13-2013,15.58
Jun-14-2013,15.37
Jun-17-2013,15.55
Jun-18-2013,15.65
Jun-19-2013,15.32
Jun-20-2013,14.82
Jun-21-2013,15
Jun-24-2013,14.67
Jun-25-2013,14.97
Jun-26-2013,15.29
Jun-27-2013,15.65
Jun-28-2013,15.47
Jul-01-2013,15.74
Jul-02-2013,16.18
Jul-03-2013,16.43
Jul-05-2013,16.7
Jul-08-2013,16.81
Jul-09-2013,16.84
Jul-10-2013,16.72
Jul-11-2013,16.98
Jul-12-2013,17.11
Jul-15-2013,17.12
Jul-16-2013,16.6
Jul-17-2013,16.78
Jul-18-2013,16.93
Jul-19-2013,16.76
Jul-22-2013,17.04
Jul-23-2013,16.94
Jul-24-2013,17.37
Jul-25-2013,16.96
Jul-26-2013,17.02
Jul-29-2013,17.08
Jul-30-2013,17.08
Jul-31-2013,16.88
Aug-01-2013,17.19
Aug-02-2013,17.5
Aug-05-2013,17.19
Aug-06-2013,17.03
Aug-07-2013,16.77
Aug-08-2013,16.98
Aug-09-2013,17.02
Aug-12-2013,17.07
Aug-13-2013,17.06
Aug-14-2013,16.89
Aug-15-2013,16.43
Aug-16-2013,16.3
Aug-19-2013,16.12
Aug-20-2013,16.31
Aug-21-2013,16.25
Aug-22-2013,16.41
Aug-23-2013,16.45
Aug-26-2013,16.41
Aug-27-2013,15.88
Aug-28-2013,16.02
Aug-29-2013,16.5
Aug-30-2013,16.19
Sep-03-2013,16.34
Sep-04-2013,16.91
Sep-05-2013,17.3
Sep-06-2013,17
Sep-09-2013,17.31
Sep-10-2013,17.55
Sep-11-2013,17.54
Sep-12-2013,17.39
Sep-13-2013,17.35
Sep-16-2013,17.35
Sep-17-2013,17.44
Sep-18-2013,17.625
Sep-19-2013,17.66
Sep-20-2013,17.39
Sep-23-2013,17.2
Sep-24-2013,17.26
Sep-25-2013,17.19
Sep-26-2013,17.27
Sep-27-2013,17.05
Sep-30-2013,16.87
Oct-01-2013,17.19
Oct-02-2013,17.21
Oct-03-2013,16.95
Oct-04-2013,17.09
Oct-07-2013,16.81
Oct-08-2013,16.5
Oct-09-2013,16.62
Oct-10-2013,16.93
Oct-11-2013,17.11
Oct-14-2013,17.18
Oct-15-2013,16.97
Oct-16-2013,17.29
Oct-17-2013,17.46
Oct-18-2013,17.53
Oct-21-2013,17.5
Oct-22-2013,17.6
Oct-23-2013,17.52
Oct-24-2013,17.76
Oct-25-2013,17.6
Oct-28-2013,17.57
Oct-29-2013,17.61
Oct-30-2013,17.34
Oct-31-2013,17.11
Nov-01-2013,16.89
Nov-04-2013,17
Nov-05-2013,17.09
Nov-06-2013,16.91
Nov-07-2013,16.55
Nov-08-2013,16.85
Nov-11-2013,16.89
Nov-12-2013,16.72
Nov-13-2013,17.1
Nov-14-2013,17.09
Nov-15-2013,17.07
Nov-18-2013,16.98
Nov-19-2013,16.87
Nov-20-2013,16.92
Nov-21-2013,17.09
Nov-22-2013,17.01
Nov-25-2013,16.94
Nov-26-2013,16.87
Nov-27-2013,17.03
Nov-29-2013,17.08
Dec-02-2013,17.06
Dec-03-2013,16.56
Dec-04-2013,16.62
Dec-05-2013,16.74
Dec-06-2013,16.7
Dec-09-2013,16.56
Dec-10-2013,16.53
Dec-11-2013,16.41
Dec-12-2013,16.39
Dec-13-2013,16.59
Dec-16-2013,16.86
Dec-17-2013,16.7
Dec-18-2013,15.65
Dec-19-2013,15.3
Dec-20-2013,15.42
Dec-23-2013,15.15
Dec-24-2013,15.19
Dec-26-2013,15.33
Dec-27-2013,15.3
Dec-30-2013,15.28
Dec-31-2013,15.43
Jan-02-2014,15.44
Jan-03-2014,15.51
Jan-06-2014,15.58
Jan-07-2014,15.38
Jan-08-2014,15.54
Jan-09-2014,15.84
Jan-10-2014,16.07
Jan-13-2014,16.11
Jan-14-2014,16.4
Jan-15-2014,16.7
Jan-16-2014,16.73
Jan-17-2014,16.52
Jan-21-2014,16.41
Jan-22-2014,16.55
Jan-23-2014,16.43
Jan-24-2014,15.83
Jan-27-2014,15.71
Jan-28-2014,15.72
Jan-29-2014,15.26
Jan-30-2014,15.25
Jan-31-2014,14.96
Feb-03-2014,14.55
Feb-04-2014,14.87
Feb-05-2014,14.73
Feb-06-2014,14.85
Feb-07-2014,14.97
Feb-10-2014,14.84
Feb-11-2014,14.96
Feb-12-2014,15
Feb-13-2014,15.08
Feb-14-2014,15.24
Feb-18-2014,15.39
Feb-19-2014,15.25
Feb-20-2014,15.27
Feb-21-2014,15.16
Feb-24-2014,15.18
Feb-25-2014,15.15
Feb-26-2014,15.26
Feb-27-2014,15.39
Feb-28-2014,15.39
Mar-03-2014,15.2
Mar-04-2014,15.37
Mar-05-2014,15.63
Mar-06-2014,15.67
Mar-07-2014,15.62
Mar-10-2014,15.51
Mar-11-2014,15.3
Mar-12-2014,15.4
Mar-13-2014,15.18
Mar-14-2014,15.08
Mar-17-2014,15.28
Mar-18-2014,15.49
Mar-19-2014,15.48
Mar-20-2014,15.55
Mar-21-2014,15.47
Mar-24-2014,15.39
Mar-25-2014,15.33
Mar-26-2014,15.25
Mar-27-2014,15.25
Mar-28-2014,15.45
Mar-31-2014,15.6
Apr-01-2014,16.32
Apr-02-2014,16.46
Apr-03-2014,16.39
Apr-04-2014,16.13
Apr-07-2014,15.94
Apr-08-2014,16.1
Apr-09-2014,15.84
Apr-10-2014,15.63
Apr-11-2014,15.63
Apr-14-2014,15.7
Apr-15-2014,15.84
Apr-16-2014,16.07
Apr-17-2014,16
Apr-21-2014,15.98
Apr-22-2014,16.1
Apr-23-2014,16.23
Apr-24-2014,16.32
Apr-25-2014,15.78
Apr-28-2014,15.97
Apr-29-2014,16.12
Apr-30-2014,16.15
May-01-2014,15.91
May-02-2014,15.9
May-05-2014,15.74
May-06-2014,15.56
May-07-2014,15.46
May-08-2014,15.81
May-09-2014,15.77
May-12-2014,15.84
May-13-2014,15.86
May-14-2014,15.75
May-15-2014,15.69
May-16-2014,15.76
May-19-2014,15.92
May-20-2014,15.77
May-21-2014,15.91
May-22-2014,15.91
May-23-2014,16.02
May-27-2014,16.16
May-28-2014,16.31
May-29-2014,16.54
May-30-2014,16.44
Jun-02-2014,16.44
Jun-03-2014,16.55
Jun-04-2014,16.79
Jun-05-2014,16.68
Jun-06-2014,17.08
Jun-09-2014,17
Jun-10-2014,17.01
Jun-11-2014,16.9
Jun-12-2014,16.52
Jun-13-2014,16.56
Jun-16-2014,16.63
Jun-17-2014,16.79
Jun-18-2014,16.83
Jun-19-2014,16.78
Jun-20-2014,16.67
Jun-23-2014,16.88
Jun-24-2014,16.97
Jun-25-2014,17.2
Jun-26-2014,17.2
Jun-27-2014,17.28
Jun-30-2014,17.24
Jul-01-2014,17.21
Jul-02-2014,17.22
Jul-03-2014,17.32
Jul-07-2014,17.32
Jul-08-2014,17.11
Jul-09-2014,17.43
Jul-10-2014,17.3
Jul-11-2014,17.47
Jul-14-2014,17.55
Jul-15-2014,17.54
Jul-16-2014,17.8
Jul-17-2014,17.74
Jul-18-2014,17.72
Jul-21-2014,17.7
Jul-22-2014,17.82
Jul-23-2014,17.78
Jul-24-2014,17.84
Jul-25-2014,17.62
Jul-28-2014,17.64
Jul-29-2014,17.57
Jul-30-2014,17.46
Jul-31-2014,17.02
Aug-01-2014,16.81
Aug-04-2014,17.02
Aug-05-2014,16.87
Aug-06-2014,16.98
Aug-07-2014,16.82
Aug-08-2014,17.09
Aug-11-2014,17.17
Aug-12-2014,17.21
Aug-13-2014,17.42
Aug-14-2014,17.43
Aug-15-2014,17.31
Aug-18-2014,17.43
Aug-19-2014,17.36
Aug-20-2014,17.41
Aug-21-2014,17.4
Aug-22-2014,17.17
Aug-25-2014,17.23
Aug-26-2014,17.19
Aug-27-2014,17.36
Aug-28-2014,17.42
Aug-29-2014,17.41
Sep-02-2014,17.6
Sep-03-2014,17.47
Sep-04-2014,17.27
Sep-05-2014,17.14
Sep-08-2014,16.8
Sep-09-2014,16.63
Sep-10-2014,16.63
Sep-11-2014,16.66
Sep-12-2014,16.59
Sep-15-2014,16.47
Sep-16-2014,16.52
Sep-17-2014,16.53
Sep-18-2014,16.58
Sep-19-2014,16.65
Sep-22-2014,16.36
Sep-23-2014,16.17
Sep-24-2014,16.41
Sep-25-2014,16.2
Sep-26-2014,16.33
Sep-29-2014,15.11
Sep-30-2014,14.79
Oct-01-2014,14.59
Oct-02-2014,14.56
Oct-03-2014,14.59
Oct-06-2014,14.52
Oct-07-2014,14.1
Oct-08-2014,14.21
Oct-09-2014,13.84
Oct-10-2014,13.79
Oct-13-2014,13.54
Oct-14-2014,13.78
Oct-15-2014,13.62
Oct-16-2014,13.98
Oct-17-2014,14.02
Oct-20-2014,14.17
Oct-21-2014,14.26
Oct-22-2014,14.13
Oct-23-2014,14.4
Oct-24-2014,13.78
Oct-27-2014,13.82
Oct-28-2014,14.16
Oct-29-2014,13.91
Oct-30-2014,13.95
Oct-31-2014,14.09
Nov-03-2014,13.99
Nov-04-2014,13.95
Nov-05-2014,13.94
Nov-06-2014,14.19
Nov-07-2014,14.17
Nov-10-2014,14
Nov-11-2014,14.37
Nov-12-2014,14.58
Nov-13-2014,14.93
Nov-14-2014,15.14
Nov-17-2014,15.54
Nov-18-2014,15.5
Nov-19-2014,15.44
Nov-20-2014,15.46
Nov-21-2014,15.43
Nov-24-2014,15.67
Nov-25-2014,15.68
Nov-26-2014,15.61
Nov-28-2014,15.73
Dec-01-2014,15.77
Dec-02-2014,15.9
Dec-03-2014,16.01
Dec-04-2014,15.81
Dec-05-2014,15.7
Dec-08-2014,15.43
Dec-09-2014,15.43
Dec-10-2014,15.16
Dec-11-2014,15.28
Dec-12-2014,14.99
Dec-15-2014,14.28
Dec-16-2014,14.09
Dec-17-2014,14.45
Dec-18-2014,14.81
Dec-19-2014,15.03
Dec-22-2014,15.22
Dec-23-2014,15.33
Dec-24-2014,15.3
Dec-26-2014,15.45
Dec-29-2014,15.52
Dec-30-2014,15.5
Dec-31-2014,15.5
Jan-02-2015,15.36
Jan-05-2015,14.76
Jan-06-2015,14.62
Jan-07-2015,15.04
Jan-08-2015,15.42
Jan-09-2015,15.21
Jan-12-2015,15.22
Jan-13-2015,15.21
Jan-14-2015,15.11
Jan-15-2015,14.86
Jan-16-2015,15.02
Jan-20-2015,15.01
Jan-21-2015,14.97
Jan-22-2015,15.03
Jan-23-2015,14.91
Jan-26-2015,15.08
Jan-27-2015,14.85
Jan-28-2015,14.46
Jan-29-2015,14.85
Jan-30-2015,14.71
Feb-02-2015,15.27
Feb-03-2015,15.65
Feb-04-2015,15.87
Feb-05-2015,15.85
Feb-06-2015,15.86
Feb-09-2015,15.92
Feb-10-2015,16.09
Feb-11-2015,16.25
Feb-12-2015,16.36
Feb-13-2015,16.3
Feb-17-2015,16.11
Feb-18-2015,16.21
Feb-19-2015,16.43
Feb-20-2015,16.4
Feb-23-2015,16.38
Feb-24-2015,16.36
Feb-25-2015,16.51
Feb-26-2015,16.38
Feb-27-2015,16.34
Mar-02-2015,16.57
Mar-03-2015,16.17
Mar-04-2015,16.03
Mar-05-2015,16.11
Mar-06-2015,15.93
Mar-09-2015,16.03
Mar-10-2015,15.72
Mar-11-2015,15.75
Mar-12-2015,16.17
Mar-13-2015,16.2
Mar-16-2015,16.49
Mar-17-2015,16.39
Mar-18-2015,16.46
Mar-19-2015,16.34
Mar-20-2015,16.48
Mar-23-2015,16.57
Mar-24-2015,16.56
Mar-25-2015,16.18
Mar-26-2015,16.01
Mar-27-2015,15.98
Mar-30-2015,16.16
Mar-31-2015,16.14
Apr-01-2015,15.91
Apr-02-2015,16.03
Apr-06-2015,16
Apr-07-2015,15.9
Apr-08-2015,15.98
Apr-09-2015,15.95
Apr-10-2015,16.03
Apr-13-2015,15.87
Apr-14-2015,15.97
Apr-15-2015,16.07
Apr-16-2015,15.94
Apr-17-2015,15.76
Apr-20-2015,15.91
Apr-21-2015,15.82
Apr-22-2015,15.91
Apr-23-2015,15.76
Apr-24-2015,15.77
Apr-27-2015,15.9
Apr-28-2015,16.06
Apr-29-2015,16.02
Apr-30-2015,15.8
May-01-2015,15.81
May-04-2015,15.78
May-05-2015,15.53
May-06-2015,15.48
May-07-2015,15.51
May-08-2015,15.67
May-11-2015,15.65
May-12-2015,15.56
May-13-2015,15.41
May-14-2015,15.27
May-15-2015,15.48
May-18-2015,15.58
May-19-2015,15.5
May-20-2015,15.3
May-21-2015,15.51
May-22-2015,15.27
May-26-2015,15.19
May-27-2015,15.32
May-28-2015,15.29
May-29-2015,15.17
Jun-01-2015,15.36
Jun-02-2015,15.26
Jun-03-2015,15.2
Jun-04-2015,15.05
Jun-05-2015,14.78
Jun-08-2015,14.9
Jun-09-2015,14.88
Jun-10-2015,15.03
Jun-11-2015,15.28
Jun-12-2015,15.23
Jun-15-2015,15.05
Jun-16-2015,15
Jun-17-2015,15.02
Jun-18-2015,15.14
Jun-19-2015,15.11
Jun-22-2015,15.13
Jun-23-2015,15.29
Jun-24-2015,15.5
Jun-25-2015,15.44
Jun-26-2015,15.4
Jun-29-2015,15.02
Jun-30-2015,15.01
Jul-01-2015,14.99
Jul-02-2015,14.87
Jul-06-2015,14.79
Jul-07-2015,14.85
Jul-08-2015,14.37
Jul-09-2015,14.33
Jul-10-2015,14.48
Jul-13-2015,14.64
Jul-14-2015,14.81
Jul-15-2015,14.75
Jul-16-2015,14.57
Jul-17-2015,14.69
Jul-20-2015,14.57
Jul-21-2015,14.51
Jul-22-2015,14.42
Jul-23-2015,14.61
Jul-24-2015,14.39
Jul-27-2015,14.55
Jul-28-2015,14.83
Jul-29-2015,15.21
Jul-30-2015,15.1
Jul-31-2015,14.83
Aug-03-2015,14.94
Aug-04-2015,14.91
Aug-05-2015,14.8
Aug-06-2015,14.83
Aug-07-2015,14.8
Aug-10-2015,14.99
Aug-11-2015,14.7
Aug-12-2015,14.68
Aug-13-2015,14.71
Aug-14-2015,14.78
Aug-17-2015,14.68
Aug-18-2015,14.83
Aug-19-2015,14.77
Aug-20-2015,14.43
Aug-21-2015,13.86
Aug-24-2015,13.19
Aug-25-2015,12.9
Aug-26-2015,13.21
Aug-27-2015,13.56
Aug-28-2015,13.74
Aug-31-2015,13.87
Sep-01-2015,13.72
Sep-02-2015,13.87
Sep-03-2015,13.84
Sep-04-2015,13.56
Sep-08-2015,13.67
Sep-09-2015,13.53
Sep-10-2015,13.73
Sep-11-2015,13.71
Sep-14-2015,13.78
Sep-15-2015,14.31
Sep-16-2015,14.64
Sep-17-2015,14.6
Sep-18-2015,14.28
Sep-21-2015,14.32
Sep-22-2015,13.92
Sep-23-2015,13.68
Sep-24-2015,13.65
Sep-25-2015,13.53
Sep-28-2015,13.12
Sep-29-2015,13.15
Sep-30-2015,13.57
Oct-01-2015,13.67
Oct-02-2015,13.99
Oct-05-2015,14.19
Oct-06-2015,14.31
Oct-07-2015,14.75
Oct-08-2015,14.99
Oct-09-2015,14.97
Oct-12-2015,14.98
Oct-13-2015,14.94
Oct-14-2015,15.01
Oct-15-2015,15.22
Oct-16-2015,15.28
Oct-19-2015,15.36
Oct-20-2015,15.38
Oct-21-2015,15.41
Oct-22-2015,15.58
Oct-23-2015,15.67
Oct-26-2015,15.68
Oct-27-2015,14.89
Oct-28-2015,14.97
Oct-29-2015,14.73
Oct-30-2015,14.81
Nov-02-2015,14.75
Nov-03-2015,14.81
Nov-04-2015,14.65
Nov-05-2015,14.57
Nov-06-2015,14.52
Nov-09-2015,14.33
Nov-10-2015,14.28
Nov-11-2015,14.31
Nov-12-2015,14.04
Nov-13-2015,13.92
Nov-16-2015,14.04
Nov-17-2015,14.15
Nov-18-2015,14.46
Nov-19-2015,14.57
Nov-20-2015,14.6
Nov-23-2015,14.55
Nov-24-2015,14.55
Nov-25-2015,14.55
Nov-27-2015,14.53
Nov-30-2015,14.33
Dec-01-2015,14.56
Dec-02-2015,14.26
Dec-03-2015,13.98
Dec-04-2015,14.2
Dec-07-2015,14.12
Dec-08-2015,13.97
Dec-09-2015,13.89
Dec-10-2015,13.96
Dec-11-2015,13.64
Dec-14-2015,13.62
Dec-15-2015,13.87
Dec-16-2015,14.36
Dec-17-2015,13.98
Dec-18-2015,13.8
Dec-21-2015,13.73
Dec-22-2015,14.2
Dec-23-2015,14.36
Dec-24-2015,14.31
Dec-28-2015,14.18
Dec-29-2015,14.23
Dec-30-2015,14.17
Dec-31-2015,14.09
Jan-04-2016,13.97
Jan-05-2016,13.72
Jan-06-2016,13.11
Jan-07-2016,12.7
Jan-08-2016,12.54
Jan-11-2016,12.77
Jan-12-2016,12.85
Jan-13-2016,12.2
Jan-14-2016,12.19
Jan-15-2016,11.97
Jan-19-2016,11.95
Jan-20-2016,11.9
Jan-21-2016,12.01
Jan-22-2016,12.14
Jan-25-2016,11.98
Jan-26-2016,12.26
Jan-27-2016,11.85
Jan-28-2016,11.71
Jan-29-2016,11.94
Feb-01-2016,12.07
Feb-02-2016,11.51
Feb-03-2016,11.46
Feb-04-2016,11.53
Feb-05-2016,11.45
Feb-08-2016,11.59
Feb-09-2016,11.35
Feb-10-2016,11.34
Feb-11-2016,11.17
Feb-12-2016,11.55
Feb-16-2016,11.87
Feb-17-2016,12.27
Feb-18-2016,12.26
Feb-19-2016,12.1
Feb-22-2016,12.56
Feb-23-2016,12.42
Feb-24-2016,12.08
Feb-25-2016,12.39
Feb-26-2016,12.47
Feb-29-2016,12.51
Mar-01-2016,13.09
Mar-02-2016,13.22
Mar-03-2016,13.54
Mar-04-2016,13.59
Mar-07-2016,13.62
Mar-08-2016,13.23
Mar-09-2016,13.19
Mar-10-2016,13.15
Mar-11-2016,13.29
Mar-14-2016,13.27
Mar-15-2016,13.23
Mar-16-2016,13.5
Mar-17-2016,13.47
Mar-18-2016,13.64
Mar-21-2016,13.66
Mar-22-2016,13.59
Mar-23-2016,13.26
Mar-24-2016,13.06
Mar-28-2016,13.09
Mar-29-2016,13.2
Mar-30-2016,13.35
Mar-31-2016,13.5
Apr-01-2016,13.1
Apr-04-2016,12.8
Apr-05-2016,12.77
Apr-06-2016,12.82
Apr-07-2016,12.52
Apr-08-2016,12.55
Apr-11-2016,12.66
Apr-12-2016,12.81
Apr-13-2016,13.06
Apr-14-2016,13.09
Apr-15-2016,12.94
Apr-18-2016,13.25
Apr-19-2016,13.44
Apr-20-2016,13.64
Apr-21-2016,13.65
Apr-22-2016,13.61
Apr-25-2016,13.58
Apr-26-2016,13.75
Apr-27-2016,13.66
Apr-28-2016,14.09
Apr-29-2016,13.56
May-02-2016,13.62
May-03-2016,13.43
May-04-2016,13.31
May-05-2016,13.32
May-06-2016,13.44
May-09-2016,13.32
May-10-2016,13.49
May-11-2016,13.32
May-12-2016,13.35
May-13-2016,13.22
May-16-2016,13.32
May-17-2016,13.14
May-18-2016,13.16
May-19-2016,13.09
May-20-2016,13.19
May-23-2016,13.13
May-24-2016,13.29
May-25-2016,13.52
May-26-2016,13.46
May-27-2016,13.45
May-31-2016,13.49
Jun-01-2016,13.11
Jun-02-2016,13.21
Jun-03-2016,13.04
Jun-06-2016,13.18
Jun-07-2016,13.38
Jun-08-2016,13.36
Jun-09-2016,13.26
Jun-10-2016,13.1
Jun-13-2016,12.98
Jun-14-2016,12.84
Jun-15-2016,13.01
Jun-16-2016,13.12
Jun-17-2016,13.26
Jun-20-2016,13.42
Jun-21-2016,13.22
Jun-22-2016,13.18
Jun-23-2016,13.4
Jun-24-2016,12.52
Jun-27-2016,12.16
Jun-28-2016,12.39
Jun-29-2016,12.55
Jun-30-2016,12.57
Jul-01-2016,12.72
Jul-05-2016,12.4
Jul-06-2016,12.57
Jul-07-2016,12.75
Jul-08-2016,13.09
Jul-11-2016,13.27
Jul-12-2016,13.45
Jul-13-2016,13.48
Jul-14-2016,13.59
Jul-15-2016,13.57
Jul-18-2016,13.65
Jul-19-2016,13.65
Jul-20-2016,13.74
Jul-21-2016,13.92
Jul-22-2016,13.84
Jul-25-2016,13.83
Jul-26-2016,13.86
Jul-27-2016,13.84
Jul-28-2016,12.71
Jul-29-2016,12.66
Aug-01-2016,12.48
Aug-02-2016,11.94
Aug-03-2016,12.13
Aug-04-2016,12.08
Aug-05-2016,12.19
Aug-08-2016,12.18
Aug-09-2016,12.31
Aug-10-2016,12.25
Aug-11-2016,12.31
Aug-12-2016,12.33
Aug-15-2016,12.43
Aug-16-2016,12.34
Aug-17-2016,12.39
Aug-18-2016,12.33
Aug-19-2016,12.39
Aug-22-2016,12.36
Aug-23-2016,12.42
Aug-24-2016,12.3
Aug-25-2016,12.47
Aug-26-2016,12.38
Aug-29-2016,12.47
Aug-30-2016,12.55
Aug-31-2016,12.6
Sep-01-2016,12.44
Sep-02-2016,12.5
Sep-06-2016,12.67
Sep-07-2016,12.7
Sep-08-2016,12.73
Sep-09-2016,12.38
Sep-12-2016,12.7
Sep-13-2016,12.38
Sep-14-2016,12.14
Sep-15-2016,12.11
Sep-16-2016,12.11
Sep-19-2016,12.11
Sep-20-2016,12
Sep-21-2016,12.09
Sep-22-2016,12.18
Sep-23-2016,12.17
Sep-26-2016,12.01
Sep-27-2016,11.98
Sep-28-2016,12.09
Sep-29-2016,11.97
Sep-30-2016,12.07
Oct-03-2016,12.1
Oct-04-2016,12.2
Oct-05-2016,12.48
Oct-06-2016,12.39
Oct-07-2016,12.29
Oct-10-2016,12.12
Oct-11-2016,11.99
Oct-12-2016,11.96
Oct-13-2016,11.91
Oct-14-2016,11.91
Oct-17-2016,11.88
Oct-18-2016,11.89
Oct-19-2016,12.01
Oct-20-2016,11.97
Oct-21-2016,12.02
Oct-24-2016,12.19
Oct-25-2016,11.85
Oct-26-2016,11.88
Oct-27-2016,11.74
Oct-28-2016,11.72
Oct-31-2016,11.74
Nov-01-2016,11.61
Nov-02-2016,11.4
Nov-03-2016,11.35
Nov-04-2016,11.34
Nov-07-2016,11.58
Nov-08-2016,11.48
Nov-09-2016,11.58
Nov-10-2016,11.94
Nov-11-2016,12.28
Nov-14-2016,12.06
Nov-15-2016,12.04
Nov-16-2016,12
Nov-17-2016,11.87
Nov-18-2016,11.76
Nov-21-2016,11.79
Nov-22-2016,11.89
Nov-23-2016,11.9
Nov-25-2016,12.04
Nov-28-2016,11.92
Nov-29-2016,11.92
Nov-30-2016,11.96
Dec-01-2016,12.43
Dec-02-2016,12.24
Dec-05-2016,12.44
Dec-06-2016,12.56
Dec-07-2016,13.06
Dec-08-2016,13.03
Dec-09-2016,13.17
Dec-12-2016,12.82
Dec-13-2016,12.77
Dec-14-2016,12.53
Dec-15-2016,12.58
Dec-16-2016,12.63
Dec-19-2016,12.66
Dec-20-2016,12.78
Dec-21-2016,12.64
Dec-22-2016,12.4
Dec-23-2016,12.46
Dec-27-2016,12.39
Dec-28-2016,12.25
Dec-29-2016,12.23
Dec-30-2016,12.13
Jan-03-2017,12.59
Jan-04-2017,13.17
Jan-05-2017,12.77
Jan-06-2017,12.76
Jan-09-2017,12.63
Jan-10-2017,12.85
Jan-11-2017,12.67
Jan-12-2017,12.59
Jan-13-2017,12.63
Jan-17-2017,12.61
Jan-18-2017,12.41
Jan-19-2017,12.43
Jan-20-2017,12.36
Jan-23-2017,12.31
Jan-24-2017,12.61
Jan-25-2017,12.79
Jan-26-2017,12.37
Jan-27-2017,12.49
Jan-30-2017,12.37
Jan-31-2017,12.36
Feb-01-2017,12.32
Feb-02-2017,12.28
Feb-03-2017,12.56
Feb-06-2017,12.52
Feb-07-2017,12.34
Feb-08-2017,12.38
Feb-09-2017,12.38
Feb-10-2017,12.51
Feb-13-2017,12.56
Feb-14-2017,12.65
Feb-15-2017,12.63
Feb-16-2017,12.54
Feb-17-2017,12.58
Feb-21-2017,12.69
Feb-22-2017,12.67
Feb-23-2017,12.56
Feb-24-2017,12.47
Feb-27-2017,12.66
Feb-28-2017,12.53
Mar-01-2017,12.69
Mar-02-2017,12.66
Mar-03-2017,12.65
Mar-06-2017,12.52
Mar-07-2017,12.46
Mar-08-2017,12.53
Mar-09-2017,12.5
Mar-10-2017,12.53
Mar-13-2017,12.54
Mar-14-2017,12.55
Mar-15-2017,12.65
Mar-16-2017,12.7
Mar-17-2017,12.48
Mar-20-2017,12.28
Mar-21-2017,11.72
Mar-22-2017,11.77
Mar-23-2017,11.67
Mar-24-2017,11.62
Mar-27-2017,11.46
Mar-28-2017,11.65
Mar-29-2017,11.68
Mar-30-2017,11.68
Mar-31-2017,11.64
Apr-03-2017,11.44
Apr-04-2017,11.37
Apr-05-2017,11.26
Apr-06-2017,11.27
Apr-07-2017,11.23
Apr-10-2017,11.25
Apr-11-2017,11.28
Apr-12-2017,11.23
Apr-13-2017,11.11
Apr-17-2017,11.28
Apr-18-2017,11.14
Apr-19-2017,11.19
Apr-20-2017,11.47
Apr-21-2017,11.34
Apr-24-2017,11.43
Apr-25-2017,11.48
Apr-26-2017,11.6
Apr-27-2017,11.47
Apr-28-2017,11.47
May-01-2017,11.42
May-02-2017,10.92
May-03-2017,11.07
May-04-2017,11
May-05-2017,11.14
May-08-2017,11.13
May-09-2017,11.16
May-10-2017,11.04
May-11-2017,11.01
May-12-2017,10.92
May-15-2017,10.94
May-16-2017,10.94
May-17-2017,10.76
May-18-2017,10.79
May-19-2017,10.87
May-22-2017,11.1
May-23-2017,11.05
May-24-2017,10.96
May-25-2017,10.86
May-26-2017,10.93
May-30-2017,11.08
May-31-2017,11.12
Jun-01-2017,11.41
Jun-02-2017,11.35
Jun-05-2017,11.25
Jun-06-2017,11.12
Jun-07-2017,11.07
Jun-08-2017,11.1
Jun-09-2017,11.13
Jun-12-2017,11.28
Jun-13-2017,11.27
Jun-14-2017,11.22
Jun-15-2017,11.24
Jun-16-2017,11.22
Jun-19-2017,11.24
Jun-20-2017,11.12
Jun-21-2017,11.04
Jun-22-2017,11.13
Jun-23-2017,11.04
Jun-26-2017,11.18
Jun-27-2017,11.08
Jun-28-2017,11.09
Jun-29-2017,11.17
Jun-30-2017,11.19
Jul-03-2017,11.56
Jul-05-2017,11.3
Jul-06-2017,11.18
Jul-07-2017,11.26
Jul-10-2017,11.34
Jul-11-2017,11.38
Jul-12-2017,11.47
Jul-13-2017,11.6
Jul-14-2017,11.68
Jul-17-2017,11.74
Jul-18-2017,11.75
Jul-19-2017,11.83
Jul-20-2017,11.7
Jul-21-2017,11.53
Jul-24-2017,11.29
Jul-25-2017,11.27
Jul-26-2017,11.06
Jul-27-2017,11.18
Jul-28-2017,11.17
Jul-31-2017,11.22
Aug-01-2017,10.95
Aug-02-2017,11
Aug-03-2017,10.93
Aug-04-2017,10.95
Aug-07-2017,10.92
Aug-08-2017,10.89
Aug-09-2017,10.92
Aug-10-2017,10.77
Aug-11-2017,10.77
Aug-14-2017,10.91
Aug-15-2017,10.84
Aug-16-2017,10.8
Aug-17-2017,10.64
Aug-18-2017,10.56
Aug-21-2017,10.57
Aug-22-2017,10.65
Aug-23-2017,10.71
Aug-24-2017,10.71
Aug-25-2017,10.82
Aug-28-2017,10.79
Aug-29-2017,10.84
Aug-30-2017,10.94
Aug-31-2017,11.03
Sep-01-2017,11.35
Sep-05-2017,11.36
Sep-06-2017,11.5
Sep-07-2017,11.4
Sep-08-2017,11.36
Sep-11-2017,11.41
Sep-12-2017,11.59
Sep-13-2017,11.62
Sep-14-2017,11.56
Sep-15-2017,11.62
Sep-18-2017,11.63
Sep-19-2017,11.72
Sep-20-2017,11.71
Sep-21-2017,11.72
Sep-22-2017,11.84
Sep-25-2017,11.94
Sep-26-2017,11.93
Sep-27-2017,11.95
Sep-28-2017,11.96
Sep-29-2017,11.97
Oct-02-2017,12.09
Oct-03-2017,12.34
Oct-04-2017,12.3
Oct-05-2017,12.25
Oct-06-2017,12.31
Oct-09-2017,12.34
Oct-10-2017,12.39
Oct-11-2017,12.38
Oct-12-2017,12.12
Oct-13-2017,12.05
Oct-16-2017,12.12
Oct-17-2017,12.27
Oct-18-2017,12.19
Oct-19-2017,12.23
Oct-20-2017,12.1
Oct-23-2017,12.04
Oct-24-2017,12.19
Oct-25-2017,12.04
Oct-26-2017,12.27
Oct-27-2017,12.06
Oct-30-2017,12.1
Oct-31-2017,12.27
Nov-01-2017,12.35
Nov-02-2017,12.42
Nov-03-2017,12.36
Nov-06-2017,12.33
Nov-07-2017,12.16
Nov-08-2017,12.06
Nov-09-2017,12.04
Nov-10-2017,12.01
Nov-13-2017,12.16
Nov-14-2017,12.02
Nov-15-2017,12
Nov-16-2017,12.04
Nov-17-2017,12.01
Nov-20-2017,12.13
Nov-21-2017,12.12
Nov-22-2017,12.07
Nov-24-2017,12.1
Nov-27-2017,12.11
Nov-28-2017,12.21
Nov-29-2017,12.56
Nov-30-2017,12.52
Dec-01-2017,12.58
Dec-04-2017,12.63
Dec-05-2017,12.43
Dec-06-2017,12.38
Dec-07-2017,12.53
Dec-08-2017,12.61
Dec-11-2017,12.58
Dec-12-2017,12.6
Dec-13-2017,12.63
Dec-14-2017,12.46
Dec-15-2017,12.58
Dec-18-2017,12.66
Dec-19-2017,12.69
Dec-20-2017,12.72
Dec-21-2017,12.63
Dec-22-2017,12.58
Dec-26-2017,12.6
Dec-27-2017,12.5
Dec-28-2017,12.58
Dec-29-2017,12.49
Jan-02-2018,12.66
Jan-03-2018,12.76
Jan-04-2018,12.98
Jan-05-2018,13.2
Jan-08-2018,13.15
Jan-09-2018,13.08
Jan-10-2018,13.03
Jan-11-2018,13.16
Jan-12-2018,13.23
Jan-16-2018,13.1
Jan-17-2018,12.18
Jan-18-2018,12.07
Jan-19-2018,12
Jan-22-2018,12.02
Jan-23-2018,11.96
Jan-24-2018,12.05
Jan-25-2018,11.57
Jan-26-2018,11.65
Jan-29-2018,11.12
Jan-30-2018,11.06
Jan-31-2018,10.97
Feb-01-2018,10.92
Feb-02-2018,10.71
Feb-05-2018,10.24
Feb-06-2018,10.76
Feb-07-2018,10.76
Feb-08-2018,10.43
Feb-09-2018,10.53
Feb-12-2018,10.7
Feb-13-2018,10.59
Feb-14-2018,10.74
Feb-15-2018,10.76
Feb-16-2018,10.61
Feb-20-2018,10.63
Feb-21-2018,10.6
Feb-22-2018,10.63
Feb-23-2018,10.7
Feb-26-2018,10.89
Feb-27-2018,10.61
Feb-28-2018,10.61
Mar-01-2018,10.29
Mar-02-2018,10.4
Mar-05-2018,10.58
Mar-06-2018,10.63
Mar-07-2018,10.63
Mar-08-2018,10.61
Mar-09-2018,10.73
Mar-12-2018,10.81
Mar-13-2018,10.78
Mar-14-2018,11.02
Mar-15-2018,11.07
Mar-16-2018,11.15
Mar-19-2018,11.01
Mar-20-2018,10.99
Mar-21-2018,11.1
Mar-22-2018,10.75
Mar-23-2018,10.56
Mar-26-2018,10.83
Mar-27-2018,10.83
Mar-28-2018,10.86
Mar-29-2018,11.08
Apr-02-2018,10.86
Apr-03-2018,11.15
Apr-04-2018,11.33
Apr-05-2018,11.35
Apr-06-2018,11.18
Apr-09-2018,11.25
Apr-10-2018,11.45
Apr-11-2018,11.43
Apr-12-2018,11.31
Apr-13-2018,11.28
Apr-16-2018,11.38
Apr-17-2018,11.38
Apr-18-2018,11.33
Apr-19-2018,10.96
Apr-20-2018,10.82
Apr-23-2018,11.04
Apr-24-2018,10.96
Apr-25-2018,11.11
Apr-26-2018,11.43
Apr-27-2018,11.49
Apr-30-2018,11.24
May-01-2018,11.26
May-02-2018,11.21
May-03-2018,11.2
May-04-2018,11.36
May-07-2018,11.34
May-08-2018,11.27
May-09-2018,11.06
May-10-2018,11.21
May-11-2018,11.19
May-14-2018,11.18
May-15-2018,11.22
May-16-2018,11.4
May-17-2018,11.46
May-18-2018,11.33
May-21-2018,11.51
May-22-2018,11.52
May-23-2018,11.44
May-24-2018,11.62
May-25-2018,11.51
May-29-2018,11.44
May-30-2018,11.55
May-31-2018,11.55
Jun-01-2018,11.71
Jun-04-2018,11.74
Jun-05-2018,11.83
Jun-06-2018,11.97
Jun-07-2018,12.03
Jun-08-2018,12.1
Jun-11-2018,12.03
Jun-12-2018,12.11
Jun-13-2018,12.02
Jun-14-2018,11.89
Jun-15-2018,11.88
Jun-18-2018,11.99
Jun-19-2018,11.89
Jun-20-2018,11.87
Jun-21-2018,11.71
Jun-22-2018,11.65
Jun-25-2018,11.5
Jun-26-2018,11.52
Jun-27-2018,11.42
Jun-28-2018,11.28
Jun-29-2018,11.07
Jul-02-2018,11.1
Jul-03-2018,10.99
Jul-05-2018,11.05
Jul-06-2018,11.06
Jul-09-2018,11.2
Jul-10-2018,11.25
Jul-11-2018,11.07
Jul-12-2018,11.05
Jul-13-2018,10.98
Jul-16-2018,10.85
Jul-17-2018,10.86
Jul-18-2018,10.87
Jul-19-2018,10.82
Jul-20-2018,10.56
Jul-23-2018,10.47
Jul-24-2018,10.57
Jul-25-2018,10.52
Jul-26-2018,9.89
Jul-27-2018,9.93
Jul-30-2018,10.07
Jul-31-2018,10.04
Aug-01-2018,9.9
Aug-02-2018,9.92
Aug-03-2018,10.04
Aug-06-2018,10.03
Aug-07-2018,10.08
Aug-08-2018,10.05
Aug-09-2018,9.91
Aug-10-2018,9.74
Aug-13-2018,9.46
Aug-14-2018,9.5
Aug-15-2018,9.45
Aug-16-2018,9.51
Aug-17-2018,9.55
Aug-20-2018,9.72
Aug-21-2018,9.86
Aug-22-2018,9.69
Aug-23-2018,9.63
Aug-24-2018,9.68
Aug-27-2018,9.99
Aug-28-2018,10.01
Aug-29-2018,9.97
Aug-30-2018,9.7
Aug-31-2018,9.48
Sep-04-2018,9.47
Sep-05-2018,9.49
Sep-06-2018,9.43
Sep-07-2018,9.27
Sep-10-2018,9.38
Sep-11-2018,9.31
Sep-12-2018,9.34
Sep-13-2018,9.37
Sep-14-2018,9.45
Sep-17-2018,9.55
Sep-18-2018,9.58
Sep-19-2018,9.78
Sep-20-2018,9.81
Sep-21-2018,9.85
Sep-24-2018,9.59
Sep-25-2018,9.39
Sep-26-2018,9.27
Sep-27-2018,9.23
Sep-28-2018,9.25
Oct-01-2018,9.32
Oct-02-2018,9.2
Oct-03-2018,9.13
Oct-04-2018,9.15
Oct-05-2018,9.12
Oct-08-2018,9.26
Oct-09-2018,8.95
Oct-10-2018,8.82
Oct-11-2018,8.81
Oct-12-2018,8.64
Oct-15-2018,8.81
Oct-16-2018,8.8
Oct-17-2018,8.76
Oct-18-2018,8.51
Oct-19-2018,8.5
Oct-22-2018,8.41
Oct-23-2018,8.59
Oct-24-2018,8.18
Oct-25-2018,8.99
Oct-26-2018,8.98
Oct-29-2018,9.28
Oct-30-2018,9.46
Oct-31-2018,9.55
Nov-01-2018,9.29
Nov-02-2018,9.38
Nov-05-2018,9.53
Nov-06-2018,9.54
Nov-07-2018,9.6
Nov-08-2018,9.46
Nov-09-2018,9.38
Nov-12-2018,9.49
Nov-13-2018,9.54
Nov-14-2018,9.54
Nov-15-2018,9.31
Nov-16-2018,9.05
Nov-19-2018,9.25
Nov-20-2018,9.06
Nov-21-2018,9.11
Nov-23-2018,9.13
Nov-26-2018,9.4
Nov-27-2018,9.28
Nov-28-2018,9.41
Nov-29-2018,9.37
Nov-30-2018,9.41
Dec-03-2018,9.6
Dec-04-2018,9.18
Dec-06-2018,9.02
Dec-07-2018,8.82
Dec-10-2018,8.52
Dec-11-2018,8.54
Dec-12-2018,8.64
Dec-13-2018,8.5
Dec-14-2018,8.52
Dec-17-2018,8.5
Dec-18-2018,8.47
Dec-19-2018,8.32
Dec-20-2018,8.26
Dec-21-2018,8.05
Dec-24-2018,7.63
Dec-26-2018,7.85
Dec-27-2018,7.85
Dec-28-2018,7.81
Dec-31-2018,7.65
Jan-01-2019,7.65
Jan-02-2019,7.9
Jan-03-2019,7.78
Jan-04-2019,8.08
Jan-07-2019,8.29
Jan-08-2019,8.37
Jan-09-2019,8.72
Jan-10-2019,8.67
Jan-11-2019,8.82
Jan-14-2019,8.99
Jan-15-2019,8.84
Jan-16-2019,8.29
Jan-17-2019,8.36
Jan-18-2019,8.58
Jan-21-2019,8.58
Jan-22-2019,8.5
Jan-23-2019,8.34
Jan-24-2019,8.6
Jan-25-2019,8.86
Jan-28-2019,8.66
Jan-29-2019,8.76
Jan-30-2019,8.71
Jan-31-2019,8.8
Feb-01-2019,8.72
Feb-04-2019,8.7
Feb-05-2019,8.75
Feb-06-2019,8.72
Feb-07-2019,8.31
Feb-08-2019,8.39
Feb-11-2019,8.33
Feb-12-2019,8.46
Feb-13-2019,8.41
Feb-14-2019,8.42
Feb-15-2019,8.54
Feb-18-2019,8.54
Feb-19-2019,8.83
Feb-20-2019,8.94
Feb-21-2019,8.71
Feb-22-2019,8.71
Feb-25-2019,8.76
Feb-26-2019,8.88
Feb-27-2019,8.78
Feb-28-2019,8.77
Mar-01-2019,8.79
Mar-04-2019,8.81
Mar-05-2019,8.77
Mar-06-2019,8.58
Mar-07-2019,8.48
Mar-08-2019,8.42
Mar-11-2019,8.61
Mar-12-2019,8.57
Mar-13-2019,8.53
Mar-14-2019,8.41
Mar-15-2019,8.43
Mar-18-2019,8.57
Mar-19-2019,8.7
Mar-20-2019,8.51
Mar-21-2019,8.69
Mar-22-2019,8.54
Mar-25-2019,8.51
Mar-26-2019,8.76
Mar-27-2019,8.62
Mar-28-2019,8.77
Mar-29-2019,8.78
Apr-01-2019,8.98
Apr-02-2019,9.01
Apr-03-2019,9.13
Apr-04-2019,9.24
Apr-05-2019,9.25
Apr-08-2019,9.3
Apr-09-2019,9.21
Apr-10-2019,9.33
Apr-11-2019,9.39
Apr-12-2019,9.45
Apr-15-2019,9.33
Apr-16-2019,9.36
Apr-17-2019,9.5
Apr-18-2019,9.55
Apr-19-2019,9.55
Apr-22-2019,9.5
Apr-23-2019,9.5
Apr-24-2019,9.57
Apr-25-2019,9.4
Apr-26-2019,10.41
Apr-29-2019,10.32
Apr-30-2019,10.45
May-01-2019,10.3
May-02-2019,10.34
May-03-2019,10.41
May-06-2019,10.37
May-07-2019,10.38
May-08-2019,10.34
May-09-2019,10.2
May-10-2019,10.38
May-13-2019,10.08
May-14-2019,10.24
May-15-2019,10.36
May-16-2019,10.4
May-17-2019,10.29
May-20-2019,10.28
May-21-2019,10.24
May-22-2019,9.97
May-23-2019,9.85
May-24-2019,9.83
May-27-2019,9.83
May-28-2019,9.78
May-29-2019,9.71
May-30-2019,9.74
May-31-2019,9.52
Jun-03-2019,9.61
Jun-04-2019,9.92
Jun-05-2019,9.78
Jun-06-2019,9.75
Jun-07-2019,9.76
Jun-10-2019,9.82
Jun-11-2019,9.92
Jun-12-2019,9.85
Jun-13-2019,10.06
Jun-14-2019,9.98
Jun-17-2019,10.05
Jun-18-2019,10.1
Jun-19-2019,10.04
Jun-20-2019,10.04
Jun-21-2019,9.99
Jun-24-2019,9.95
Jun-25-2019,9.84
Jun-26-2019,9.91
Jun-27-2019,10.2
Jun-28-2019,10.23
Jul-01-2019,10.15
Jul-02-2019,10.12
Jul-03-2019,10.2
Jul-04-2019,10.2
Jul-05-2019,10.2
Jul-08-2019,10.2
Jul-09-2019,10.14
Jul-10-2019,10.11
Jul-11-2019,10.19
Jul-12-2019,10.49
Jul-15-2019,10.42
Jul-16-2019,10.51
Jul-17-2019,10.33
Jul-18-2019,10.26
Jul-19-2019,10.2
Jul-22-2019,10.02
Jul-23-2019,10.17
Jul-24-2019,10.33
Jul-25-2019,9.56
Jul-26-2019,9.57
Jul-29-2019,9.6
Jul-30-2019,9.55
Jul-31-2019,9.53
Aug-01-2019,9.31
Aug-02-2019,9.28
Aug-05-2019,9.23
Aug-06-2019,9.48
Aug-07-2019,9.53
Aug-08-2019,9.56
Aug-09-2019,9.45
Aug-12-2019,9.29
Aug-13-2019,9.26
Aug-14-2019,9
Aug-15-2019,8.86
Aug-16-2019,8.96
Aug-19-2019,9.03
Aug-20-2019,8.96
Aug-21-2019,9.04
Aug-22-2019,9.04
Aug-23-2019,8.77
Aug-26-2019,8.82
Aug-27-2019,8.76
Aug-28-2019,9
Aug-29-2019,9.12
Aug-30-2019,9.17
Sep-02-2019,9.17
Sep-03-2019,9.1
Sep-04-2019,9.2
Sep-05-2019,9.34
Sep-06-2019,9.34
Sep-09-2019,9.54
Sep-10-2019,9.42
Sep-11-2019,9.42
Sep-12-2019,9.41
Sep-13-2019,9.45
Sep-16-2019,9.3
Sep-17-2019,9.28
Sep-18-2019,9.25
Sep-19-2019,9.1
Sep-20-2019,9.17
Sep-23-2019,9.16
Sep-24-2019,9.11
Sep-25-2019,9.2
Sep-26-2019,9.14
Sep-27-2019,9.08
Sep-30-2019,9.16
Oct-01-2019,8.9
Oct-02-2019,8.61
Oct-03-2019,8.71
Oct-04-2019,8.74
Oct-07-2019,8.68
Oct-08-2019,8.54
Oct-09-2019,8.56
Oct-10-2019,8.62
Oct-11-2019,8.78
Oct-14-2019,8.82
Oct-15-2019,9.07
Oct-16-2019,9.07
Oct-17-2019,9.11
Oct-18-2019,9.29
Oct-21-2019,9.03
Oct-22-2019,9.07
Oct-23-2019,9.21
Oct-24-2019,8.6
Oct-25-2019,8.72
Oct-28-2019,8.61
Oct-29-2019,8.64
Oct-30-2019,8.54
Oct-31-2019,8.59
Nov-01-2019,8.89
Nov-04-2019,9
Nov-05-2019,9.02
Nov-06-2019,8.92
Nov-07-2019,8.89
Nov-08-2019,9.04
Nov-11-2019,9.08
Nov-12-2019,9.04
Nov-13-2019,8.81
Nov-14-2019,8.79
Nov-15-2019,8.95
Nov-18-2019,8.95
Nov-19-2019,8.9
Nov-20-2019,8.73
Nov-21-2019,8.71
Nov-22-2019,8.89
Nov-25-2019,9
Nov-26-2019,9.01
Nov-27-2019,9.1
Nov-28-2019,9.1
Nov-29-2019,9.06
Dec-02-2019,9.01
Dec-03-2019,8.89
Dec-04-2019,8.95
Dec-05-2019,8.93
Dec-06-2019,9.02
Dec-09-2019,9.01
Dec-10-2019,9.07
Dec-11-2019,9.11
Dec-12-2019,9.32
Dec-13-2019,9.23
Dec-16-2019,9.39
Dec-17-2019,9.39
Dec-18-2019,9.54
Dec-19-2019,9.41
Dec-20-2019,9.48
Dec-23-2019,9.44
Dec-24-2019,9.47
Dec-25-2019,9.47
Dec-26-2019,9.45
Dec-27-2019,9.36
Dec-30-2019,9.25
Dec-31-2019,9.3
Jan-02-2020,9.42
Jan-03-2020,9.21
Jan-06-2020,9.16
Jan-07-2020,9.25
Jan-08-2020,9.25
Jan-09-2020,9.26
Jan-10-2020,9.25
Jan-13-2020,9.24
Jan-14-2020,9.29
Jan-15-2020,9.19
Jan-16-2020,9.17
Jan-17-2020,9.16
Jan-21-2020,9.21
Jan-22-2020,9.16
Jan-23-2020,9.14
Jan-24-2020,9
Jan-27-2020,8.89
Jan-28-2020,8.97
Jan-29-2020,8.86
Jan-30-2020,8.84
Jan-31-2020,8.82
Feb-03-2020,8.98
Feb-04-2020,9.18
Feb-05-2020,8.31
Feb-06-2020,8.25
Feb-07-2020,8.11
Feb-10-2020,8.06
Feb-11-2020,8.1
Feb-12-2020,8.24
Feb-13-2020,8.25
Feb-14-2020,8.1
Feb-18-2020,8.06
Feb-19-2020,8
Feb-20-2020,8.03
Feb-21-2020,7.89
Feb-24-2020,7.57
Feb-25-2020,7.23
Feb-26-2020,7.21
Feb-27-2020,6.97
Feb-28-2020,6.96
Mar-02-2020,7.2
Mar-03-2020,6.97
Mar-04-2020,7.08
Mar-05-2020,6.74
Mar-06-2020,6.49
Mar-09-2020,5.9
Mar-10-2020,6.26
Mar-11-2020,5.9
Mar-12-2020,5.35
Mar-13-2020,5.63
Mar-16-2020,5.01
Mar-17-2020,5.01
Mar-18-2020,4.5
Mar-19-2020,4.47
Mar-20-2020,4.33
Mar-23-2020,4.01
Mar-24-2020,4.95
Mar-25-2020,5.39
Mar-26-2020,5.25
Mar-27-2020,5.19
Mar-30-2020,5.03
Mar-31-2020,4.83
Apr-01-2020,4.4
Apr-02-2020,4.36
Apr-03-2020,4.24
Apr-06-2020,4.53
Apr-07-2020,4.71
Apr-08-2020,5.03
Apr-09-2020,5.37
Apr-13-2020,5.16
Apr-14-2020,5.29
Apr-15-2020,5.03
Apr-16-2020,4.94
Apr-17-2020,5.12
Apr-20-2020,4.98
Apr-21-2020,4.77
Apr-22-2020,4.77
Apr-23-2020,4.89
Apr-24-2020,4.87
Apr-27-2020,5.17
Apr-28-2020,5.38
Apr-29-2020,5.26
Apr-30-2020,5.09
May-01-2020,4.92
May-04-2020,4.86
May-05-2020,4.97
May-06-2020,4.87
May-07-2020,4.87
May-08-2020,5.24
May-11-2020,5.12
May-12-2020,4.98
May-13-2020,4.72
May-14-2020,4.89
May-15-2020,4.9
May-18-2020,5.31
May-19-2020,5.3
May-20-2020,5.49
May-21-2020,5.63
May-22-2020,5.65
May-26-2020,5.84
May-27-2020,6.03
May-28-2020,5.85
May-29-2020,5.71
Jun-01-2020,5.87
Jun-02-2020,5.9
Jun-03-2020,6.19
Jun-04-2020,6.57
Jun-05-2020,7.34
Jun-08-2020,7.53
Jun-09-2020,7.24
Jun-10-2020,6.81
Jun-11-2020,6.13
Jun-12-2020,6.46
Jun-15-2020,6.5
Jun-16-2020,6.55
Jun-17-2020,6.33
Jun-18-2020,6.33
Jun-19-2020,6.23
Jun-22-2020,6.28
Jun-23-2020,6.15
Jun-24-2020,5.95
Jun-25-2020,6.03
Jun-26-2020,5.91
Jun-29-2020,6.01
Jun-30-2020,6.08
Jul-01-2020,5.98
Jul-02-2020,6.05
Jul-06-2020,6.19
Jul-07-2020,6.12
Jul-08-2020,6.09
Jul-09-2020,5.84
Jul-10-2020,6.1
Jul-13-2020,6.06
Jul-14-2020,6.36
Jul-15-2020,6.74
Jul-16-2020,6.86
Jul-17-2020,6.8
Jul-20-2020,6.66
Jul-21-2020,6.68
Jul-22-2020,6.84
Jul-23-2020,6.98
Jul-24-2020,6.88
Jul-27-2020,6.93
Jul-28-2020,7.01
Jul-29-2020,6.92
Jul-30-2020,6.74
Jul-31-2020,6.61
Aug-03-2020,6.69
Aug-04-2020,6.86
Aug-05-2020,6.96
Aug-06-2020,6.93
Aug-07-2020,6.86
Aug-10-2020,7.09
Aug-11-2020,7.23
Aug-12-2020,7.11
Aug-13-2020,7.03
Aug-14-2020,7.04
Aug-17-2020,6.98
Aug-18-2020,6.89
Aug-19-2020,6.87
Aug-20-2020,6.84
Aug-21-2020,6.66
Aug-24-2020,6.98
Aug-25-2020,6.94
Aug-26-2020,6.82
Aug-27-2020,6.91
Aug-28-2020,6.94
Aug-31-2020,6.82
Sep-01-2020,6.83
Sep-02-2020,6.95
Sep-03-2020,6.82
Sep-04-2020,6.9
Sep-08-2020,7.03
Sep-09-2020,6.97
Sep-10-2020,6.91
Sep-11-2020,7
Sep-14-2020,7.12
Sep-15-2020,7.04
Sep-16-2020,7.02
Sep-17-2020,7.28
Sep-18-2020,7.23
Sep-21-2020,6.87
Sep-22-2020,6.78
Sep-23-2020,6.64
Sep-24-2020,6.66
Sep-25-2020,6.51
Sep-28-2020,6.69
Sep-29-2020,6.6
Sep-30-2020,6.66
Oct-01-2020,6.75
Oct-02-2020,6.89
Oct-05-2020,7.02
Oct-06-2020,6.98
Oct-07-2020,7.23
Oct-08-2020,7.35
Oct-09-2020,7.25
Oct-12-2020,7.67
Oct-13-2020,7.76
Oct-14-2020,7.57
Oct-15-2020,7.62
Oct-16-2020,7.67
Oct-19-2020,7.59
Oct-20-2020,7.74
Oct-21-2020,7.85
Oct-22-2020,8.21
Oct-23-2020,8.16
Oct-26-2020,8.03
Oct-27-2020,7.92
Oct-28-2020,7.7
Oct-29-2020,7.9
Oct-30-2020,7.73
Nov-02-2020,7.71
Nov-03-2020,7.88
Nov-04-2020,7.64
Nov-05-2020,7.99
Nov-06-2020,7.79
Nov-09-2020,8.2
Nov-10-2020,8.38
Nov-11-2020,8.33
Nov-12-2020,8.21
Nov-13-2020,8.54
Nov-16-2020,8.8
Nov-17-2020,8.75
Nov-18-2020,8.82
Nov-19-2020,8.82
Nov-20-2020,8.74
Nov-23-2020,8.86
Nov-24-2020,9.45
Nov-25-2020,9.08
Nov-27-2020,9.09
Nov-30-2020,9.08
Dec-01-2020,9.24
Dec-02-2020,9.2
Dec-03-2020,9.21
Dec-04-2020,9.34
Dec-07-2020,9.22
Dec-08-2020,9.25
Dec-09-2020,9.45
Dec-10-2020,9.12
Dec-11-2020,9.02
Dec-14-2020,8.91
Dec-15-2020,9.15
Dec-16-2020,9.04
Dec-17-2020,9.08
Dec-18-2020,8.95
Dec-21-2020,8.93
Dec-22-2020,8.79
Dec-23-2020,8.99
Dec-24-2020,8.86
Dec-28-2020,8.89
Dec-29-2020,8.82
Dec-30-2020,8.86
Dec-31-2020,8.79
Jan-04-2021,8.52
Jan-05-2021,8.65
Jan-06-2021,8.84
Jan-07-2021,9.06
Jan-08-2021,9
Jan-11-2021,9.3
Jan-12-2021,9.78
Jan-13-2021,9.78
Jan-14-2021,10.17
Jan-15-2021,9.83
Jan-19-2021,10.02
Jan-20-2021,10.86
Jan-21-2021,11.53
Jan-22-2021,11.52
Jan-25-2021,11.29
Jan-26-2021,11.19
Jan-27-2021,10.79
Jan-28-2021,10.72
Jan-29-2021,10.53
Feb-01-2021,10.83
Feb-02-2021,10.86
Feb-03-2021,11.2
Feb-04-2021,11.37
Feb-05-2021,11.51
Feb-08-2021,11.56
Feb-09-2021,11.93
Feb-10-2021,11.76
Feb-11-2021,11.45
Feb-12-2021,11.45
Feb-16-2021,11.54
Feb-17-2021,11.48
Feb-18-2021,11.43
Feb-19-2021,11.58
Feb-22-2021,11.7
Feb-23-2021,11.62
Feb-24-2021,12.27
Feb-25-2021,11.76
Feb-26-2021,11.7
Mar-01-2021,11.98
Mar-02-2021,12.55
Mar-03-2021,12.17
Mar-04-2021,11.93
Mar-05-2021,12.27
Mar-08-2021,12.65
Mar-09-2021,12.57
Mar-10-2021,12.91
Mar-11-2021,12.81
Mar-12-2021,13.37
Mar-15-2021,13.2
Mar-16-2021,12.49
Mar-17-2021,12.69
Mar-18-2021,12.49
Mar-19-2021,12.83
Mar-22-2021,12.85
Mar-23-2021,12.21
Mar-24-2021,12.14
Mar-25-2021,12.32
Mar-26-2021,12.3
Mar-29-2021,12.15
Mar-30-2021,12.46
Mar-31-2021,12.25
Apr-01-2021,12.17
Apr-05-2021,12.7
Apr-06-2021,12.92
Apr-07-2021,12.73
Apr-08-2021,12.51
Apr-09-2021,12.51
Apr-12-2021,12.38
Apr-13-2021,12.2
Apr-14-2021,12.24
Apr-15-2021,12.24
Apr-16-2021,12.23
Apr-19-2021,12.11
Apr-20-2021,11.45
Apr-21-2021,11.73
Apr-22-2021,11.94
Apr-23-2021,12.22
Apr-26-2021,12.27
Apr-27-2021,12.49
Apr-28-2021,12.43
Apr-29-2021,11.26
Apr-30-2021,11.54
May-03-2021,11.63
May-04-2021,11.41
May-05-2021,11.61
May-06-2021,11.74
May-07-2021,11.82
May-10-2021,11.71
May-11-2021,11.58
May-12-2021,11.33
May-13-2021,11.55
May-14-2021,11.84
May-17-2021,12.15
May-18-2021,12.14
May-19-2021,12.11
May-20-2021,12.49
May-21-2021,13.33
May-24-2021,13.06
May-25-2021,12.81
May-26-2021,13.9
May-27-2021,14.88
May-28-2021,14.53
Jun-01-2021,14.81
Jun-02-2021,14.91
Jun-03-2021,15.99
Jun-04-2021,15.97
Jun-07-2021,15.88
Jun-08-2021,15.63
Jun-09-2021,15.48
Jun-10-2021,15.11
Jun-11-2021,15.28
Jun-14-2021,14.87
Jun-15-2021,15
Jun-16-2021,15.02
Jun-17-2021,14.77
Jun-18-2021,14.52
Jun-21-2021,14.78
Jun-22-2021,14.91
Jun-23-2021,15.42
Jun-24-2021,15.26
Jun-25-2021,15.19
Jun-28-2021,14.96
Jun-29-2021,15.01
Jun-30-2021,14.86
Jul-01-2021,14.91
Jul-02-2021,14.93
Jul-06-2021,14.5
Jul-07-2021,14.23
Jul-08-2021,14.06
Jul-09-2021,14.48
Jul-12-2021,14.61
Jul-13-2021,14.42
Jul-14-2021,14.25
Jul-15-2021,14.01
Jul-16-2021,13.61
Jul-19-2021,13.28
Jul-20-2021,13.91
Jul-21-2021,14.19
Jul-22-2021,13.91
Jul-23-2021,13.82
Jul-26-2021,14.03
Jul-27-2021,13.79
Jul-28-2021,13.86
Jul-29-2021,14.39
Jul-30-2021,13.95
Aug-02-2021,13.91
Aug-03-2021,14.02
Aug-04-2021,13.32
Aug-05-2021,13.71
Aug-06-2021,13.8
Aug-09-2021,13.75
Aug-10-2021,13.82
Aug-11-2021,13.93
Aug-12-2021,13.9
Aug-13-2021,13.59
Aug-16-2021,13.46
Aug-17-2021,12.99
Aug-18-2021,13
Aug-19-2021,12.67
Aug-20-2021,12.57
Aug-23-2021,12.73
Aug-24-2021,13.08
Aug-25-2021,13.17
Aug-26-2021,12.9
Aug-27-2021,13.31
Aug-30-2021,13.05
Aug-31-2021,13.03
Sep-01-2021,13.11
Sep-02-2021,13.01
Sep-03-2021,12.89
Sep-07-2021,12.95
Sep-08-2021,13.03
Sep-09-2021,12.76
Sep-10-2021,12.68
Sep-13-2021,12.99
Sep-14-2021,12.86
Sep-15-2021,13.22
Sep-16-2021,13.4
Sep-17-2021,13.55
Sep-20-2021,12.82
Sep-21-2021,12.77
Sep-22-2021,13.23
Sep-23-2021,13.71
Sep-24-2021,13.78
Sep-27-2021,14.16
Sep-28-2021,14.31
Sep-29-2021,14.3
Sep-30-2021,14.16
Oct-01-2021,14.16
Oct-04-2021,14.35
Oct-05-2021,14.29
Oct-06-2021,14.12
Oct-07-2021,14.89
Oct-08-2021,15.12
Oct-11-2021,15.09
Oct-12-2021,15.64
Oct-13-2021,15.51
Oct-14-2021,15.45
Oct-15-2021,15.7
Oct-18-2021,15.56
Oct-19-2021,15.42
Oct-20-2021,16.04
Oct-21-2021,16.55
Oct-22-2021,16.28
Oct-25-2021,16
Oct-26-2021,15.94
Oct-27-2021,15.51
Oct-28-2021,16.86
Oct-29-2021,17.08
Nov-01-2021,17.95
Nov-02-2021,18.01
Nov-03-2021,18.63
Nov-04-2021,19.42
Nov-05-2021,19.29
Nov-08-2021,20.15
Nov-09-2021,20.12
Nov-10-2021,19.36
Nov-11-2021,19.55
Nov-12-2021,19.5
Nov-15-2021,19.86
Nov-16-2021,19.79
Nov-17-2021,19.96
Nov-18-2021,19.56
Nov-19-2021,19.39
Nov-22-2021,20.48
Nov-23-2021,20.2
Nov-24-2021,20.25
Nov-26-2021,19.75
Nov-29-2021,19.67
Nov-30-2021,19.19
Dec-01-2021,19.58
Dec-02-2021,19.87
Dec-03-2021,19.14
Dec-06-2021,19.22
Dec-07-2021,19.96
Dec-08-2021,19.81
Dec-09-2021,19.57
Dec-10-2021,21.45
Dec-13-2021,20.43
Dec-14-2021,20.05
Dec-15-2021,20.19
Dec-16-2021,20.35
Dec-17-2021,19.77
Dec-20-2021,19.42
Dec-21-2021,19.61
Dec-22-2021,20.14
Dec-23-2021,20.25
Dec-27-2021,20.8
Dec-28-2021,20.76
Dec-29-2021,20.56
Dec-30-2021,20.47
Dec-31-2021,20.77
Jan-03-2022,21.77
Jan-04-2022,24.31
Jan-05-2022,23.66
Jan-06-2022,24.46
Jan-07-2022,24.44
Jan-10-2022,23.85
Jan-11-2022,24.35
Jan-12-2022,24.47
Jan-13-2022,25.02
Jan-14-2022,25.19
Jan-18-2022,24.38
Jan-19-2022,22.45
Jan-20-2022,21.65
Jan-21-2022,20.65
Jan-24-2022,20.39
Jan-25-2022,19.98
Jan-26-2022,19.91
Jan-27-2022,19.55
Jan-28-2022,19.54
Jan-31-2022,20.3
Feb-01-2022,20.66
Feb-02-2022,20.63
Feb-03-2022,19.89
Feb-04-2022,17.96
Feb-07-2022,17.89
Feb-08-2022,17.72
Feb-09-2022,18.35
Feb-10-2022,18.08
Feb-11-2022,17.55
Feb-14-2022,17.46
Feb-15-2022,18.08
Feb-16-2022,18.01
Feb-17-2022,17.54
Feb-18-2022,18.04